Recipient Org:Name,Title,Amount Awarded,Award Date,Grant Programme,Region,Location
UK Community Foundations ,Local Communities grant funding 2015-17 ,5062500,27/05/2015,Building Stronger Communities,London,Islington
MIND (The National Association for Mental Health) ,Time to Change England Phase 3 ,5000000,27/01/2016,Improving Health and Wellbeing,London,Newham
Premier League Charitable Fund ,Enterprise and Employability Programme ,2300000,25/01/2017,Building Stronger Communities,London,Westminster
UK Community Foundations ,Local Communities Core Strength ,2250000,08/05/2017,Building Stronger Communities,London,Lambeth
Mancroft Advice Project (MAP) ,Early Action Neighbourhood Fund - MAP ,1642496,09/01/2015,Building Stronger Communities,East of England,Norwich
Changing Futures North East ,"Healthy Relationships, Better Childhood - Early Action ",1562392,06/02/2015,Improving Health and Wellbeing,North East England,Hartlepool
Scottish Association for Mental Health ,SeeMe ,1500000,12/12/2016,Improving Health and Wellbeing,Scotland,Glasgow City
UK Community Foundations ,Large Grants 2015-2017 ,1302000,18/03/2015,Building Stronger Communities,London,Islington
UK Community Foundations ,Sport Relief 2016 Community Cash ,1154150,15/07/2015,Building Stronger Communities,London,Islington
UK Community Foundations ,Community Cash 2017 ,1126000,28/09/2016,Building Stronger Communities,London,Lambeth
UK Community Foundations ,Sport Relief 2016 Evening Standard Dispossessed Fund ,1048300,15/07/2015,Building Stronger Communities,London,Islington
UK Community Foundations ,Evening Standard Dispossessed Fund 2017 ,1048300,28/09/2016,Building Stronger Communities,London,Lambeth
Action on Postpartum Psychosis ,Everyone's Business Campaign Phase 2 ,750000,13/07/2016,Improving Health and Wellbeing,West Midlands,Birmingham
Innovations in Dementia CIC ,DEEP 3: Dementia voices ,715152,18/03/2015,Improving Health and Wellbeing,South West England,Exeter
Premiership Rugby ,Rugby 4 All ,549721,13/07/2016,Building Stronger Communities,London,Richmond upon Thames
Media Trust ,"Transforming Hidden Talent: supporting young people in London, Birmingham and Manchester to develop meaningful and fulfilling careers ",410000,15/07/2015,Investing in Children and Young People,London,Hammersmith and Fulham
Cwmbran Centre for Young People ,The Progression Project ,400000,15/07/2015,Investing in Children and Young People,Wales,Torfaen
UpRising ,A Helping Hand into Employment ,400000,15/07/2015,Investing in Children and Young People,London,Tower Hamlets
Who Cares? Scotland ,Reaching Higher: Employability Programme for Care Experienced Young People ,399237,15/07/2015,Investing in Children and Young People,Scotland,Glasgow City
Scottish National Council of YMCAs ,YouthWorks Mentoring ,386762,15/07/2015,Investing in Children and Young People,Scotland,City of Edinburgh
Northern Ireland Association for Mental Health ,Change Your Mind ,375000,18/03/2015,Improving Health and Wellbeing,Northern Ireland,Belfast
NYAS ,Peering Ahead ,363083,15/07/2015,Investing in Children and Young People,North West England,Wirral
Include Youth ,Meant to Work ,348451,25/11/2015,Investing in Children and Young People,Northern Ireland,Belfast
CAST ,Digital Fellowship and Underline ,295000,25/11/2015,Building Stronger Communities,South West England,Stroud
The WISH Centre ,Community-based therapeutic model roll-out ,277500,27/05/2015,Improving Health and Wellbeing,London,Harrow
Citizens UK ,Opening routes to safety for child refugees in Europe ,250000,19/07/2017,Investing in Children and Young People,London,Tower Hamlets
Refuge ,National Domestic Violence Helpline ,250000,18/03/2015,Empowering Women and Girls,London,Tower Hamlets
SafeLives ,Drive project: addressing and challenging the behaviour of priority perpetrators of domestic abuse ,250000,27/01/2016,Empowering Women and Girls,South West England,"Bristol, City of"
UK Community Foundations ,Support for flooding in UK ,250000,08/12/2015,Building Stronger Communities,London,Islington
Women's Aid Federation of England ,National Domestic Violence Helpline ,250000,18/03/2015,Empowering Women and Girls,South West England,"Bristol, City of"
2nd Chance Group CIC ,The Sports Alliance ,248000,15/07/2015,Investing in Children and Young People,South West England,"Bristol, City of"
The Sported Foundation ,A sustainable sport for change sector: scaling up a high quality approach ,245790,18/03/2015,Building Stronger Communities,London,Westminster
Body and Soul ,'Transforming Adversity' ,225000,19/07/2017,Improving Health and Wellbeing,London,Islington
Street League ,Moving Young People Into Work Through Employer Engagement ,211360,25/11/2015,Investing in Children and Young People,London,Lambeth
Active Communities Network ,Breaking Barriers ,210500,15/03/2017,Building Stronger Communities,London,Southwark
Homeless Link ,Housing First England ,210000,25/11/2015,Building Stronger Communities,London,Lambeth
Northern Ireland Youth Forum  ,Emerging Young Leaders Programme ,205000,25/11/2015,Investing in Children and Young People,Northern Ireland,Belfast
National Society for the Prevention of Cruelty to Children ,CSE Hub and Spoke Project - London (NSPCC) ,203849,15/07/2015,Investing in Children and Young People,London,Hackney
Age Connects North Wales Central ,Speak UP ,200000,27/01/2016,Improving Health and Wellbeing,Wales,Denbighshire
Prism the Gift Fund ,Help Refugees  - Advocacy and Child Protection ,200000,19/07/2017,Investing in Children and Young People,London,Westminster
Bail for Immigration Detainees ,Assisting immigration detainees to secure release and live safely ,195000,16/03/2016,Building Stronger Communities,London,Hackney
The Sported Foundation ,Project 51 ,189956,19/07/2017,Empowering Women and Girls,London,Southwark
Yorkshire Sport Foundation ,Being Active; Changing Futures ,183706,19/07/2017,Empowering Women and Girls,Yorkshire and The Humber,Leeds
Choices (formerly known as North Kent Women's Aid) Ltd ,Young People's Domestic Abuse Awareness & Support Project ,180600,28/01/2015,Investing in Children and Young People,South East England,Dartford
Combat Stress ,Military Veterans' Mental Health - Anti-Stigma ,180000,15/07/2015,Improving Health and Wellbeing,South East England,Mole Valley
The WISH Centre ,Support and Recovery from Self-harm and Sexual Exploitation ,178926,28/01/2015,Improving Health and Wellbeing,London,Harrow
Toynbee Hall ,Digital Money Mentors ,174980,27/01/2016,Building Stronger Communities,London,Tower Hamlets
YouthAction Northern Ireland ,Steeper Steps ,174922,19/07/2017,Empowering Women and Girls,Northern Ireland,Belfast
Manchester Metropolitan University ,Girls Getting out for Good: Preventing Gangs through Participation ,170571,30/11/2016,Empowering Women and Girls,North West England,Manchester
Fresh Visions ,Build Yourself ,169184,28/01/2015,Investing in Children and Young People,London,Croydon
The Helen Bamber Foundation ,Refugee & Asylum Seeking Women's Programme - for survivors of complex trauma including trafficking ,168114,16/03/2016,Empowering Women and Girls,London,Camden
David Young Community Academy ,Leeds Tigers Basketball Academy ,166090,25/11/2015,Investing in Children and Young People,Yorkshire and The Humber,Leeds
Beyond Sport Foundation ,Beyond Sport Awards ,165000,15/03/2017,Building Stronger Communities,London,Camden
Fight for Peace (UK) ,Fight for Peace ,165000,27/05/2015,Investing in Children and Young People,London,Newham
PeacePlayers International - Northern Ireland ,Champions For Peace (C4P) ,165000,27/05/2015,Investing in Children and Young People,Northern Ireland,Belfast
National Society for the Prevention of Cruelty to Children ,CSE Hub and Spoke Project - Luton (NSPCC) ,162717,15/07/2015,Investing in Children and Young People,London,Hackney
The Moira Anderson Foundation ,A SAFER FUTURE - CSA Survivor Support and Awareness ,161045,30/09/2015,Investing in Children and Young People,Scotland,North Lanarkshire
Anawim Women working together ,Specialist Money Advice and Financial Literacy ,157689,15/07/2015,Building Stronger Communities,West Midlands,Birmingham
The Sporting Memories Foundation ,Digital sporting reminiscence tools and resources ,154706,18/03/2015,Building Stronger Communities,Yorkshire and The Humber,Hambleton
ONE PARENT FAMILIES SCOTLAND ,Lone Parents Financial Capability Project Glasgow ,154118,27/05/2015,Building Stronger Communities,Scotland,City of Edinburgh
Women's Rape and Sexual Abuse Centre - Dundee & Angus ,Young People's Support Service ,153318,27/01/2016,Investing in Children and Young People,Scotland,Dundee City
Raw Material Music and Media Education Limited ,Raw Sounds ,151950,30/09/2015,Improving Health and Wellbeing,London,Lambeth
Wolverhampton Voluntary Sector Council ,Girls Allowed,151034,30/11/2016,Empowering Women and Girls,West Midlands,Wolverhampton
Africans Unite Against Child Abuse ,Safeguarding Victims of Child Trafficking in England ,150967,30/09/2015,Building Stronger Communities,London,Islington
Causeway Women's Aid ,Domestic Violence Peripatetic Outreach Support & Training,150435,30/09/2015,Empowering Women and Girls,Northern Ireland,Causeway Coast and Glens
The Sharan Project ,Our Girl - a prevention and awareness raising campaign project on forced marriage ,150300,27/01/2016,Empowering Women and Girls,London,Westminster
Age Sector Platform ,Pensioners Parliament for Fairer Society ,150000,27/01/2016,Building Stronger Communities,Northern Ireland,Belfast
Medical Justice Network Limited ,Lessening harm of medical mistreatment of immigration detainees and securing their safety ,150000,27/05/2015,Improving Health and Wellbeing,London,Islington
Off Centre ,Art therapy & integrated support for young people in Hackney struggling with mental ill-health ,150000,30/09/2015,Improving Health and Wellbeing,London,Hackney
Redthread Youth Limited ,The Teachable Moment in A&E: Supporting Girls in Gangs ,150000,30/11/2016,Empowering Women and Girls,London,Westminster
Scarborough & District Citizens Advice Bureau ,Good Finance = Good Health ,150000,25/11/2015,Improving Health and Wellbeing,Yorkshire and The Humber,Scarborough
St Columb's Park House ,'Courage Challenge Change' Programme: martial arts as a tool for building resilience and life skills ,150000,27/05/2015,Investing in Children and Young People,Northern Ireland,Derry City and Strabane
UK Community Foundations ,New beginnings: a crisis fund for refugees ,150000,08/12/2015,Building Stronger Communities,London,Islington
The Change Foundation ,Dance 4 Change -  Critical support for young women and girls in care and leaving care ,149885,30/09/2015,Investing in Children and Young People,London,Sutton
The Diana Award ,Anti-Bullying Ambassadors Programme ,149813,16/03/2016,Investing in Children and Young People,London,City of London
St Giles Trust ,Lambeth Safer Stronger Families: Reducing the Impact of Gang and Serious Youth Violence ,149646,25/11/2015,Investing in Children and Young People,London,Southwark
Migrant Centre Northern Ireland ,Voices for Change ,149641,25/11/2015,Building Stronger Communities,Northern Ireland,Belfast
Mind in Croydon Ltd ,To provide a financial literacy service to people experiencing mental health problems. ,149613,15/07/2015,Improving Health and Wellbeing,London,Croydon
Stonewall Housing Association Limited ,The National Older LGBT Housing Support Network ,149562,18/03/2015,Building Stronger Communities,London,Islington
Apps for Good ,Challenging sexism in the digital sector ,148000,16/03/2016,Investing in Children and Young People,London,Islington
Southall Black Sisters Trust ,Freedom: Advocacy for Abused BME Women and Girls ,147778,27/05/2015,Empowering Women and Girls,London,Ealing
Spires ,Flat-based Sex Work Project ,147460,27/01/2016,Empowering Women and Girls,London,Lambeth
Victim Support NI ,Advocacy workers to support victims of sexual violence ,147273,27/01/2016,Building Stronger Communities,Northern Ireland,Belfast
Spurgeons ,"Police and Schools, Spurgeons (PaSS) project ",146942,25/01/2017,Investing in Children and Young People,East Midlands,East Northamptonshire
British Refugee Council ,Safer Refugee Women ,146657,16/03/2016,Empowering Women and Girls,London,Newham
Place2Be ,M-PACT Plus Extension Project ,146537,27/01/2016,Investing in Children and Young People,London,Islington
Wessex Resolutions C.I.C ,Wiser£money ,146512,15/07/2015,Building Stronger Communities,South West England,Taunton Deane
Argyll and Bute Rape Crisis ,TESSA Youth Support and Prevention Programme ,145691,15/07/2015,Investing in Children and Young People,Scotland,Argyll and Bute
Wavemaker Stoke ,Stoke Wavemaker Give it Sum Legacy Work ,145109,18/03/2015,Investing in Children and Young People,West Midlands,Stoke-on-Trent
Unchosen ,Film campaigns against slavery - extending the reach of our work. ,145000,27/05/2015,Improving Health and Wellbeing,South West England,"Bristol, City of"
The Boaz Trust ,Female Asylum Seeker Support Programme ,144877,15/07/2015,Empowering Women and Girls,North West England,Manchester
Interchange Sheffield CIC ,To be decided in collaboration with service user group ,143600,27/05/2015,Improving Health and Wellbeing,Yorkshire and The Humber,Sheffield
The Nerve Centre ,FabFarms! ,143400,27/01/2016,Building Stronger Communities,Northern Ireland,Derry City and Strabane
Hamara ,Effectively engaging South Asian Families on Child Sexual Exploitation,143076,30/09/2015,Investing in Children and Young People,Yorkshire and The Humber,Leeds
British Refugee Council ,Age Disputes: See the Child ,142525,27/01/2016,Investing in Children and Young People,London,Newham
VIDA Sheffield ,Eva Women's Services ,142000,27/01/2016,Empowering Women and Girls,Yorkshire and The Humber,Sheffield
Scottish Association for Mental Health ,PACE (People Active for Change & Equality) ,140744,27/01/2016,Improving Health and Wellbeing,Scotland,Glasgow City
NESTAC ,Support Our Sisters (SOS) FGM Project ,140420,27/01/2016,Improving Health and Wellbeing,North West England,Rochdale
Projekts MCR ,Girls Skateboarding Initiative ,139718,19/07/2017,Empowering Women and Girls,North West England,Manchester
Alcohol and Drugs Action ,Green Light Project (GLP) ,138941,27/01/2016,Investing in Children and Young People,Scotland,Aberdeen City
The Great Initiative ,Great Men Value Women - extension ,138536,15/07/2015,Investing in Children and Young People,London,Southwark
African Community Centre ,The Amani Project ,138094,25/11/2015,Improving Health and Wellbeing,Wales,Swansea
asphaleia action ,SAFE ,135222,25/11/2015,Investing in Children and Young People,South East England,Worthing
Community Intercultural Programme ,Freedom Acts - Human Trafficking & Exploitation Project ,135000,15/07/2015,Investing in Children and Young People,Northern Ireland,"Armagh City, Banbridge and Craigavon"
The Baobab Centre for Young Survivors in Exile ,Supporting young survivors to cope better in the community of exile and make progress in their lives ,135000,25/11/2015,Investing in Children and Young People,London,Islington
Hull FC Rugby Community Sports & Education Foundation ,FC Employment through Sport ,134910,27/05/2015,Investing in Children and Young People,Yorkshire and The Humber,"Kingston upon Hull, City of"
The Princess Royal Trust for Carers ,Raising the Voice of Carers ,134275,16/03/2016,Improving Health and Wellbeing,London,Southwark
Cantraybridge  ,Cantray Park Cafe Plus ,133530,18/03/2015,Investing in Children and Young People,Scotland,Highland
Public Service Broadcasting Trust ,Giving voice to marginalised young people ,133500,15/07/2015,Investing in Children and Young People,South East England,Winchester
Integrate Bristol ,Everybody's Business ,133185,15/07/2015,Empowering Women and Girls,South West England,"Bristol, City of"
Roma Support Group ,Roma Advocacy and Campaigning Project ,131566,25/11/2015,Building Stronger Communities,London,Newham
Legal Services Agency ,"Women's Project, Legal Services Agency ",131473,27/01/2016,Empowering Women and Girls,Scotland,Glasgow City
Just for Kids Law ,"See It, Say It, Change It ",131012,25/11/2015,Investing in Children and Young People,London,Camden
Global Dialogue ,Early Action Funders Alliance ,130986,19/07/2017,Improving Health and Wellbeing,London,Lambeth
Adoption UK ,The Role of Policy Manager ,130632,30/09/2015,Investing in Children and Young People,South East England,Cherwell
Living Options Devon ,Deaf Campaigning Service ,130629,30/09/2015,Building Stronger Communities,South West England,Exeter
Stroud Beresford ,Healthy Futures: Supporting Victims of Domestic Abuse in Gloucestershire ,130607,18/03/2015,Empowering Women and Girls,South West England,Stroud
Dandelion Time ,Restoring Hope to Young Lives ,129800,30/09/2015,Investing in Children and Young People,South East England,Maidstone
Welsh Refugee Council ,Women's Asylum Paralegal ,129653,27/01/2016,Building Stronger Communities,Wales,Cardiff
Coram Children's Legal Centre Limited ,The Migrant Children's Project ,129461,30/09/2015,Investing in Children and Young People,London,Camden
The Change Foundation ,Netball for Change ,129060,19/07/2017,Empowering Women and Girls,London,Sutton
National Association of Citizens Advice Bureaux ,Breaking the Silence- Gender Violence and Abuse (GVA) Routine Enquiry Programme ,128429,30/09/2015,Empowering Women and Girls,London,City of London
Positive Action in Housing ,"Money Skills Project for BME, Refugee and new Migrant Communities ",127568,15/07/2015,Building Stronger Communities,Scotland,Glasgow City
Women in Sport ,"""Trophy Women"", an annual audit of the representation of women in sports leadership ",127454,28/01/2015,Empowering Women and Girls,London,Islington
Refuge ,Female offender outreach project - Derby ,127097,16/03/2016,Empowering Women and Girls,London,Tower Hamlets
Fair Shares Gloucestershire ,Co-producing Gloucestershire: Dementia Friendly Activities and Communities ,127000,27/05/2015,Improving Health and Wellbeing,South West England,Gloucester
Motocross Challenge Project ,Today's the Day!,126331,27/05/2015,Investing in Children and Young People,South East England,Dover
Broxtowe Women's Project ,Outreach Support Service for women experiencing Domestic Violence in north Broxtowe and Stapleford ,126216,28/01/2015,Empowering Women and Girls,East Midlands,Broxtowe
South East Essex Advocacy for Older People ,"Finance, Debt & Money Management advice & information for the over 60's ",126000,25/11/2015,Building Stronger Communities,East of England,Southend-on-Sea
The Jason Roberts Foundation ,Respect Brent ,126000,27/05/2015,Investing in Children and Young People,London,Brent
Migrant Centre Northern Ireland ,Promoting Financial Health and Well-Being for Migrants ,125744,30/09/2015,Building Stronger Communities,Northern Ireland,Belfast
St Andrew's Community Network ,Money Management Service including Debt Advice and Money Education and Training. ,125655,27/01/2016,Building Stronger Communities,North West England,Liverpool
Cornwall Refuge Trust ,Our 'Care Around the Family' project. ,124670,27/05/2015,Empowering Women and Girls,South West England,Cornwall
Coventry Rape and Sexual Abuse Centre ,Young Groups ,124341,16/03/2016,Improving Health and Wellbeing,West Midlands,Coventry
Participation & Practice of Rights Project Ltd ,The Mental Health Rights Campaign (MHRC) - Expansion and Strengthening ,124163,30/09/2015,Improving Health and Wellbeing,Northern Ireland,Belfast
East Belfast Independent Advice Centre ,The Better Off Family Project ,124002,27/01/2016,Building Stronger Communities,Northern Ireland,Belfast
Norfolk Community Law Service Ltd ,Financial Inclusion Project ,123910,16/03/2016,Building Stronger Communities,East of England,Norwich
Prison Advice and Care Trust ,Hear our Voice: The Charter for Children and Young People With A Family Member in Prison ,123814,30/09/2015,Investing in Children and Young People,London,Southwark
Shift.ms ,Correcting the unfairness of people with multiple sclerosis not being able to work ,123735,16/03/2016,Building Stronger Communities,Yorkshire and The Humber,Leeds
Street Teams ,Keep Safe ,123681,27/05/2015,Investing in Children and Young People,West Midlands,Walsall
Family Action in Rogerfield and Easterhouse ,StreetwYze ,123636,18/03/2015,Investing in Children and Young People,Scotland,Glasgow City
RISE (Refuge Information Support Education) ,RISE Safer Futures: Addressing Complex Trauma in Domestic Violence ,123240,30/09/2015,Empowering Women and Girls,South East England,Brighton and Hove
Fitzrovia Neighbourhood Association ,Fitzrovia Advice and Community Support ,123000,30/09/2015,Building Stronger Communities,London,Camden
Winchester & District Young Carers ,Positive Futures; Enabling Young Carers To Reach Their Full Potential. ,123000,25/11/2015,Investing in Children and Young People,South East England,Winchester
ShARP (Shiney Row Advice and Resource Project) ,(Advice on Prescription) Community & Financial Advice in Health Settings in Sunderland Coalfields ,122838,30/09/2015,Building Stronger Communities,North East England,Sunderland
North Lancashire Citizens Advice Bureau ,CAN Help (Healthier Finances) ,122737,16/03/2016,Improving Health and Wellbeing,North West England,Lancaster
"Carers Advice & Resource Establishment, Sandwell (CARES) ",Tackling poverty and disadvantage with carers in Sandwell ,122730,25/11/2015,Improving Health and Wellbeing,West Midlands,Sandwell
East End Citizens Advice Bureaux ,Newham Money Smart ,122107,15/07/2015,Building Stronger Communities,London,Hackney
North of England Refugee Service ,Regional Asylum Support Service ,121753,28/01/2015,Building Stronger Communities,North East England,Newcastle upon Tyne
Yorkshire and Humberside Circles of Support and Accountability ,Extending Circles ,121574,16/03/2016,Empowering Women and Girls,Yorkshire and The Humber,York
People First (Scotland) ,"Learning disability, Human Rights and the Law in Scotland ",121079,16/03/2016,Building Stronger Communities,Scotland,City of Edinburgh
Safe and Sound Group ,Working to end child sexual exploitation ,121060,27/05/2015,Investing in Children and Young People,East Midlands,Derby
Booth Centre ,Safe Homes ,120835,15/07/2015,Building Stronger Communities,North West England,Manchester
West Lothian Financial Inclusion Network (SCIO) ,Money Magic ,120809,25/11/2015,Building Stronger Communities,Scotland,West Lothian
Citizens Advice in North and West Kent ,Building Financial Confidence in Vulnerable Adults ,120741,30/09/2015,Improving Health and Wellbeing,South East England,Gravesham
Women's Rape and Sexual Abuse Centre (Cornwall) ,Pattern Changing Programme for Women & Girls/ POWER (Programme of Women's Empowerment and Recovery) ,120481,27/05/2015,Empowering Women and Girls,South West England,Cornwall
The Sported Foundation ,Increasing support to strengthen the community sport system- a proactive volunteer focused approach ,120019,08/05/2017,Building Stronger Communities,London,Southwark
Action on Postpartum Psychosis ,APP Regional Representatives Project ,120000,25/01/2017,Improving Health and Wellbeing,West Midlands,Birmingham
ADHD Foundation ,The Umbrella Project ,120000,25/11/2015,Investing in Children and Young People,North West England,Liverpool
Anglia Care Trust ,Money Advice Service - Domestic Abuse ,120000,16/03/2016,Building Stronger Communities,East of England,Suffolk Coastal
BASIS Yorkshire ,Specialist Independent Sexual & Domestic Violence Advisor Service for Sex Workers in Leeds ,120000,27/01/2016,Empowering Women and Girls,Yorkshire and The Humber,Leeds
Best Beginnings ,Out of the Blue ,120000,25/01/2017,Improving Health and Wellbeing,London,Islington
Bluebell Care Trust ,Bluebell Devon - Little Something ,120000,25/01/2017,Improving Health and Wellbeing,South West England,"Bristol, City of"
Bradford Rape Crisis and Sexual Abuse Survivors Service ,Refugee & Asylum seeking women & girls (RASW&Gs) - Advocacy & Support service ,120000,15/07/2015,Empowering Women and Girls,Yorkshire and The Humber,Bradford
Circles South East ,Services for young people displaying harmful sexual behaviours (HSBs) ,120000,27/01/2016,Investing in Children and Young People,South East England,South Oxfordshire
Citizens UK ,The next steps for the Living Wage movement ,120000,25/11/2015,Building Stronger Communities,London,Tower Hamlets
Happy Child International Foundation ,It's a Penalty Campaign ,120000,15/03/2017,Investing in Children and Young People,South East England,Mole Valley
Ignite Trust ,Excel Sports ,120000,30/09/2015,Investing in Children and Young People,London,Harrow
Independent Academic Research Studies ,The Gender & Justice Empowerment Project ,120000,30/09/2015,Empowering Women and Girls,London,Southwark
Kingston Carers' Network ,Improving Outcomes for Kingston's Young Carers ,120000,25/11/2015,Investing in Children and Young People,London,Kingston upon Thames
Lighthouse Ireland Ltd ,Youth Mentoring Project ,120000,28/01/2015,Investing in Children and Young People,Northern Ireland,Belfast
Medaille Trust ,Specialist supported accommodation for trafficked families ,120000,27/05/2015,Building Stronger Communities,North West England,Salford
Mentor UK ,Breaking Out Phase 2 ,120000,15/07/2015,Investing in Children and Young People,Scotland,City of Edinburgh
Northamptonshire Parent Infant Partnership ,Hand in Hand: Supporting Mums and Babies ,120000,28/09/2016,Improving Health and Wellbeing,East Midlands,Northampton
One25 Limited ,Drop-in centre supporting vulnerable women to build safer lives away from street sex-work. ,120000,18/03/2015,Empowering Women and Girls,South West England,"Bristol, City of"
Premiership Rugby ,Hitz Project ,120000,15/07/2015,Investing in Children and Young People,London,Richmond upon Thames
Respond ,Specialist Therapeutic support for young people with Learning Disabilities. ,120000,30/09/2015,Investing in Children and Young People,London,Camden
Room to Heal ,"Healing the shattered self - a community-based, integrated programme for torture survivors ",120000,16/03/2016,Building Stronger Communities,London,Islington
Simon Community NI ,P2P (Passport to Participation) ,120000,16/03/2016,Investing in Children and Young People,Northern Ireland,Belfast
Straight Talking Peer Education ,Supporting disadvantaged teenage parents to reach their potential ,120000,30/09/2015,Investing in Children and Young People,London,Kingston upon Thames
Thames Reach Housing Association Limited ,Thames Reach Safer Lives: Living on the street: Older Persons' Champion ,120000,27/01/2016,Building Stronger Communities,London,Southwark
The Clock Tower Sanctuary ,Creating engagement to help young people move on from homelessness ,120000,16/03/2016,Improving Health and Wellbeing,South East England,Brighton and Hove
The Dash Charity ,Therapeutic Intervention for Children and Young People ,120000,16/03/2016,Investing in Children and Young People,South East England,Slough
Greater Manchester Youth Network (GMYN) ,Transitions ,119999,25/11/2015,Investing in Children and Young People,North West England,Manchester
Quarriers ,Maternal Mental Health (working title) ,119975,28/09/2016,Improving Health and Wellbeing,Scotland,Inverclyde
MindWise ,New Mothers Wellness Project ,119940,28/09/2016,Improving Health and Wellbeing,Northern Ireland,Belfast
Hamoaze House ,Family Resiliance ,119913,16/03/2016,Building Stronger Communities,South East England,Plymouth
Developing Initiatives Supporting Communities (DISC) ,Gender Identity Support Service ,119850,16/03/2016,Investing in Children and Young People,North East England,County Durham
Good Things Foundation ,MoneyMyWay ,119850,18/03/2015,Building Stronger Communities,Yorkshire and The Humber,Sheffield
Sutton Coldfield Young Mens Christian Association ,Release Young Carers Project ,119766,18/03/2015,Investing in Children and Young People,West Midlands,Birmingham
Staffordshire North and Stoke-on-Trent Citizens Advice Bureau ,Money Skills for the Hearing Impaired. ,119650,27/01/2016,Building Stronger Communities,West Midlands,Stoke-on-Trent
Nottingham and Nottinghamshire Refugee Forum ,Refugee Young People's Project ,119438,18/03/2015,Investing in Children and Young People,East Midlands,Nottingham
Castlemilk Youth Complex ,One Shot ,119246,27/05/2015,Investing in Children and Young People,Scotland,Glasgow City
Pompey in the Community ,Raise Your Game ,119118,28/01/2015,Investing in Children and Young People,South East England,Portsmouth
Birmingham and Solihull Women's Aid ,Young Women's Domestic and Sexual Abuse Support Project ,119108,16/03/2016,Empowering Women and Girls,West Midlands,Birmingham
Relate Cymru ,Mum's The World ,119104,28/09/2016,Improving Health and Wellbeing,Wales,Swansea
WILD Young Parents Project ,WILD Change for the Future ,119023,15/07/2015,Improving Health and Wellbeing,South West England,Cornwall
Community Housing Aid ,Nightstop Devon ,118899,27/05/2015,Investing in Children and Young People,South West England,Exeter
Wheels for Wellbeing ,Wheels for Change ,118822,25/11/2015,Building Stronger Communities,London,Lambeth
Enfield Citizens Advice Bureau ,Heat and Eat! ,118751,15/07/2015,Improving Health and Wellbeing,London,Enfield
Glasgow East Women's Aid ,Domestic Abuse Family Financial Support Service (DAFFSS) ,118709,27/05/2015,Empowering Women and Girls,Scotland,Glasgow City
The Marie Trust ,Trust Counselling Service for People affected by Homelessness ,118573,25/11/2015,Improving Health and Wellbeing,Scotland,Glasgow City
Great Yarmouth Community Trust ,The Listening Project ,118152,28/09/2016,Improving Health and Wellbeing,East of England,Great Yarmouth
MIND (The National Association for Mental Health) ,Mums Matter ,117940,28/09/2016,Improving Health and Wellbeing,London,Newham
Manuel Bravo Project ,Application for funds to continue and develop legal provision for traumatised asylum seeking women. ,117918,18/03/2015,Empowering Women and Girls,Yorkshire and The Humber,Leeds
Stevenage Citizens Advice Bureau ,"Get out of Debt, Stay out of Debt ",117505,25/11/2015,Building Stronger Communities,East of England,Stevenage
First Steps Derbyshire ,Holistic Help for Young People with Eating Difficulties & Disorders,117488,16/03/2016,Building Stronger Communities,East Midlands,Derby
Greater Manchester Immigration Aid Unit ,Somewhere To Go ,117408,30/09/2015,Empowering Women and Girls,North West England,Manchester
Affinity Sutton Community Foundation ,Sutton Youth Sport programme ,117337,25/11/2015,Investing in Children and Young People,London,Southwark
Leeway Domestic Violence and Abuse Services ,Adolescent to Parent Violence (APV) Outreach Project ,117148,25/11/2015,Investing in Children and Young People,East of England,Norwich
The Happy Mums Foundation CIC ,#MumsTogether: Evidencing the positive impact of community-based support ,117127,28/09/2016,Improving Health and Wellbeing,North West England,Carlisle
Stepping Stones for Families ,Carrick Money Advice Service ,116957,18/03/2015,Building Stronger Communities,Scotland,Renfrewshire
Freedom From Torture ,Holistic therapeutic support for separated asylum seeking young torture survivors ,116751,25/11/2015,Investing in Children and Young People,London,Islington
The Whitechapel Centre ,Homeless Welfare Rights Advice Service ,116406,15/07/2015,Building Stronger Communities,North West England,Liverpool
Mind in Harrow ,Nedaye Zan Campaign: Justice For Afghan Women (Nedaye Zan means 'voices of women' in Dari) ,116197,16/03/2016,Empowering Women and Girls,London,Harrow
Oxfordshire Family Support Network ,Embolden -  creating a voice for older family carers of people with learning disabilities ,116087,16/03/2016,Improving Health and Wellbeing,South East England,Vale of White Horse
Swimathon Foundation ,Swimathon Sport Relief 2016 ,116000,13/07/2016,Building Stronger Communities,East of England,Three Rivers
Financial Fitness ,Emergency Advice Service ,115743,15/07/2015,Building Stronger Communities,Scotland,Inverclyde
REAP ,Energy Benefits Moray ,115550,18/03/2015,Building Stronger Communities,Scotland,Moray
Rochdale Connections Trust ,Strength to Change ,115500,30/09/2015,Empowering Women and Girls,North West England,Rochdale
Vi-Ability Educational Programme ,"Sporting Change:Helping people into Employment,Education or Training Via Commercial Sport Management ",115000,25/11/2015,Investing in Children and Young People,Wales,Cardiff
The Balsam Centre ,Like Minds ,114941,28/09/2016,Improving Health and Wellbeing,South West England,South Somerset
Brighton and Hove Speak Out ,Brighton and Hove Learning Disability Voices Network ,114852,25/11/2015,Building Stronger Communities,South East England,Brighton and Hove
ADFAM National ,Peer Support - Child to Parent Violence ,114753,15/07/2015,Building Stronger Communities,London,Hackney
YCSA ,Ebara - Inspiring Identity ,114493,15/07/2015,Investing in Children and Young People,Scotland,Glasgow City
Football Journeys ,"Young, Gifted & Female ",114338,19/07/2017,Empowering Women and Girls,London,Haringey
Gwent Domestic Abuse Services  ,Youth Respect Officer ,114176,30/09/2015,Investing in Children and Young People,Wales,Blaenau Gwent
Toonspeak Young People's Theatre ,SHINE - A Creative Lifecoaching Project for Socially Excluded and Vulnerable Young People ,113756,30/09/2015,Investing in Children and Young People,Scotland,Glasgow City
Llanelli Women's Aid  ,The Cocoon Programme for young people ,113565,30/09/2015,Investing in Children and Young People,Wales,Carmarthenshire
Womankind ,Safer Women's Project: increasing access and outcomes for suvivors of abuse and exploitation ,113457,27/01/2016,Empowering Women and Girls,South West England,"Bristol, City of"
Money Advice Trust ,Proposed expansion of National Debtline webchat to meet growing demand ,113414,16/03/2016,Building Stronger Communities,London,City of London
Nightline Association ,Increasing access to quality listening support services at night for students delivered by students ,113130,28/01/2015,Investing in Children and Young People,London,Camden
The Big House  ,Supporting at-risk NEET care leavers (aged 16-24 years) through holistic intervention ,112501,16/03/2016,Investing in Children and Young People,London,Islington
North Worcestershire Basement Projects ,The Outreach Support Service - breaking the cycle of youth homelessness ,112500,18/03/2015,Investing in Children and Young People,West Midlands,Bromsgrove
Brent Centre for Young People ,Treatment of vulnerable young people experiencing emotional difficulties in North West London ,112206,25/11/2015,Improving Health and Wellbeing,London,Brent
Lewisham Speaking Up ,People's Parliament for People with Learning Disabilities ,112044,30/09/2015,Building Stronger Communities,London,Lewisham
Kahaila  ,A holistic approach to rehabilitate women exiting trafficking and sexual exploitation. ,111000,28/01/2015,Empowering Women and Girls,London,Tower Hamlets
HARV Outreach Team ,Young Peoples Independent Domestic Violence Advisor ,110797,28/01/2015,Investing in Children and Young People,North West England,Hyndburn
Sandwell Women's Aid ,Support for victims of CSE (Child Sexual Exploitation) in Sandwell ,109977,25/11/2015,Investing in Children and Young People,West Midlands,Sandwell
Forest of Dean Citizens Advice Bureau ,Budgeting Skills for Life ,109880,25/11/2015,Investing in Children and Young People,South West England,Forest of Dean
Southside Young Leaders Academy  ,Different Futures ,109773,27/01/2016,Investing in Children and Young People,London,Southwark
Oasis Aquila Housing ,Healthy Resilient Lives ,109736,15/07/2015,Investing in Children and Young People,London,Croydon
Aberlour Child Care Trust ,Aberlour Perinatal Mental Health Befriending ,109693,28/09/2016,Improving Health and Wellbeing,Scotland,Stirling
D2 Youth Zone ,Alcohol Awareness Peer Education Programme ,109556,15/07/2015,Investing in Children and Young People,North East England,Newcastle upon Tyne
Multi-Cultural Family Base ,Banyan Project ,109277,25/11/2015,Investing in Children and Young People,Scotland,City of Edinburgh
Shelter Scotland ,A Safe and Sound Future ,109202,27/05/2015,Investing in Children and Young People,Scotland,City of Edinburgh
Bolton Lads and Girls Club ,Care Leavers Mentoring Project ,109170,28/01/2015,Investing in Children and Young People,North West England,Bolton
Groundswell ,From The Ground Up: a collective voice for homeless people to create positive social change. ,108896,27/01/2016,Building Stronger Communities,London,Lambeth
Caer Las ,The ReTreat - Support Project for Sex Workers ,108869,16/03/2016,Investing in Children and Young People,Wales,Swansea
Zacchaeus 2000 Trust  ,Advice and representation project ,108181,27/05/2015,Building Stronger Communities,London,Westminster
Safer Merthyr Tydfil ,"CREA8 (Confidence, Respect, Equality, Aspirations) ",107595,16/03/2016,Empowering Women and Girls,Wales,Merthyr Tydfil
Inverness Women's Aid ,"Children,Young People & Family Domestic Abuse Support Service ",107481,27/01/2016,Empowering Women and Girls,Scotland,Highland
Just for Kids Law ,Education & Community Care Legal Support & Youth Advocacy (West London) ,107355,28/01/2015,Investing in Children and Young People,London,Camden
Learning Disability Alliance Scotland ,We Are Stronger Together ,105584,28/01/2015,Building Stronger Communities,Scotland,City of Edinburgh
East Durham Trust ,Keyboard Champions ,105479,18/03/2015,Building Stronger Communities,North East England,County Durham
Nurture the Borders C.I.C ,The Cherish Project ,105442,28/09/2016,Improving Health and Wellbeing,Scotland,Scottish Borders
Jamie Oliver Food Foundation ,Fifteen Apprentice Programme salary costs ,105000,25/11/2015,Investing in Children and Young People,London,Hackney
Meridian Centre ,Khamoshi Ko Towrna (Breaking the Silence) ,104916,27/05/2015,Building Stronger Communities,Yorkshire and The Humber,Bradford
Contact a Family ,Alleviating the financial hardship of families with disabled children in the North East ,104863,30/09/2015,Building Stronger Communities,London,Hackney
Colchester & Tendring Women's Refuge ,Essex Domestic Abuse Partnership Project ,104802,25/11/2015,Empowering Women and Girls,East of England,Colchester
Southwark Law Centre ,Migrant Women's Project ,104598,16/03/2016,Empowering Women and Girls,London,Southwark
Narthex Sparkhill ,Debt Advice Project Expansion ,104548,30/09/2015,Building Stronger Communities,West Midlands,Birmingham
NEPACS ,Youth Project - supporting young people with a parent in prison ,103920,27/05/2015,Investing in Children and Young People,North East England,County Durham
Brighton Table Tennis Club ,Brighton women's table tennis development project ,103762,19/07/2017,Empowering Women and Girls,South East England,Brighton and Hove
People First Dorset ,Speak Up ,103625,30/09/2015,Building Stronger Communities,South West England,West Dorset
Asylum Support Appeals Project ,Reducing asylum seeking women's risks to violence and personal harm by tackling their destitution. ,102903,15/07/2015,Empowering Women and Girls,London,Tower Hamlets
Dundee Repertory Theatre Ltd ,Young Persons Dramatherapy Service ,102750,25/11/2015,Improving Health and Wellbeing,Scotland,Dundee City
Oasis Children's Venture ,Right Track Project Continuation ,101863,25/11/2015,Investing in Children and Young People,London,Lambeth
FAIR ,specialist support for people with learning disabilties to manage the changes of welfare reform. ,101332,25/11/2015,Building Stronger Communities,Scotland,City of Edinburgh
Age Cymru Gwynedd a Mon ,Provision of information for older people in severe financial hardship ,100715,25/11/2015,Building Stronger Communities,Wales,Gwynedd
British Red Cross ,Immediate material needs and resettlement support ,100000,30/09/2015,Building Stronger Communities,London,City of London
British Red Cross ,Family Reunion ,100000,30/11/2016,Building Stronger Communities,London,City of London
Faith in Community Scotland: Poverty Truth Commission ,"Nothing about us, Without us, Is for us - seats at the table ",100000,27/01/2016,Building Stronger Communities,Scotland,Glasgow City
Family Action ,National Domestic Abuse Coordinator Project ,100000,28/01/2015,Empowering Women and Girls,London,Islington
FareShare ,Driving National growth - achieving local impact ,100000,15/03/2017,Building Stronger Communities,London,Lewisham
Mayday Trust ,Personal Transitions Service ,100000,30/11/2016,Building Stronger Communities,South East England,Oxford
Spark Inside ,"Professional Life Coaching Programme with young people, aged 15-24, leaving prison or custody. ",100000,16/03/2016,Investing in Children and Young People,London,Camden
Standing Together Against Domestic Violence ,Domestic Abuse Housing Alliance ,100000,25/01/2017,Empowering Women and Girls,London,Hammersmith and Fulham
Tonic ,Building safer and more appropriate housing and services for the older LGBT community ,100000,28/09/2016,Building Stronger Communities,London,Southwark
University College London ,Social Pedagogy: Developing a legacy ,100000,25/11/2015,Investing in Children and Young People,London,Camden
Valleys Kids ,BA Flying Start initiative 2016 ,100000,13/07/2016,Building Stronger Communities,Wales,Rhondda Cynon Taf
Women's Aid Federation of England ,Ask Me - Part of Change that Lasts - Transforming responses to domestic abuse ,100000,16/03/2016,Empowering Women and Girls,South West England,"Bristol, City of"
Sport 4 Life UK ,Sport 4 Life NEETs: Changing young lives through Sport ,99999,16/03/2016,Investing in Children and Young People,West Midlands,Birmingham
The Who Cares? Trust ,Passport to Parliament for children in care ,99320,15/07/2015,Investing in Children and Young People,London,Islington
The Hepatitis C Trust ,Hepatitis C Virus (HCV) Advocacy Programme 2014-2017 ,99000,18/03/2015,Improving Health and Wellbeing,London,Southwark
Trailblazers Mentoring ,Changing Futures - Mentoring young offenders ,98827,25/11/2015,Building Stronger Communities,South East England,Aylesbury Vale
Street Talk ,new parrtnership ,98000,30/09/2015,Empowering Women and Girls,East of England,North Hertfordshire
Yorkshire Sport Foundation ,Sport England - Place Based Initiative ,98000,28/09/2016,Building Stronger Communities,Yorkshire and The Humber,Leeds
Saheliya ,Saheliya Safety ,97674,28/01/2015,Empowering Women and Girls,Scotland,City of Edinburgh
CHANGE ,Don't Shut Me Out! ,96935,28/01/2015,Building Stronger Communities,Yorkshire and The Humber,Leeds
Stirling and District Women's Aid ,Domestic Abuse Prevention and Protection Support ,96871,18/03/2015,Empowering Women and Girls,Scotland,Stirling
Direct Help and Advice ,Families in Crisis ,96452,15/07/2015,Building Stronger Communities,East Midlands,Derby
Saracens Sport Foundation ,Get Onside ,95070,16/03/2016,Investing in Children and Young People,London,Barnet
Radar ,Extension of Dementia Diaries ,95036,15/07/2015,Improving Health and Wellbeing,London,Hackney
Panjabi Centre ,Short Changed? A financial inclusion and debt advice project. ,94562,27/01/2016,Building Stronger Communities,London,Redbridge
Community Intercultural Programme ,INSPIRE ,93724,28/09/2016,Improving Health and Wellbeing,Northern Ireland,"Armagh City, Banbridge and Craigavon"
Reprezent ,Reprezent Young London - helping young people lead better lives and promote youth representation ,91872,27/05/2015,Investing in Children and Young People,London,Southwark
Hull Women's Aid ,Young Survivors Project ,91734,16/03/2016,Investing in Children and Young People,Yorkshire and The Humber,"Kingston upon Hull, City of"
West Lancashire Womens Refuge ,West Lancashire Childrens Independent Domestic Violence Advisor ,91553,30/09/2015,Empowering Women and Girls,North West England,West Lancashire
Venus Centre ,Money Management Project ,91140,27/01/2016,Building Stronger Communities,North West England,Sefton
Allsorts Youth Project Limited ,Trans Youth Support ,90993,27/01/2016,Investing in Children and Young People,South East England,Brighton and Hove
Age UK Norwich ,Next Step ,90630,27/01/2016,Building Stronger Communities,East of England,Norwich
Promoting Autonomy and Change ,Young people's access to therapy and counselling ,90502,25/11/2015,Improving Health and Wellbeing,North West England,Carlisle
Yellow Submarine ,Bridging the Gap ,90254,25/11/2015,Investing in Children and Young People,South East England,Oxford
The Albert Kennedy Trust ,National e-mentoring service for young LGBT people ,90166,27/01/2016,Investing in Children and Young People,London,Hackney
A Way Out ,LIBERTY service ,90000,16/03/2016,Improving Health and Wellbeing,North East England,Stockton-on-Tees
Depaul UK ,Get up and Go! ,90000,15/07/2015,Investing in Children and Young People,London,Southwark
Fresh Start - New Beginnings ,Funding for therapeutic intervention work for childhood victims of sexual abuse ,90000,27/01/2016,Building Stronger Communities,East of England,Ipswich
SurvivorsUK ,Male Survivors of rape and sexual abuse Counselling Project ,90000,27/01/2016,Improving Health and Wellbeing,London,Tower Hamlets
YouthNet ,I get consent- an early intervention project to help young people understand sexual consent ,90000,16/03/2016,Building Stronger Communities,London,Islington
Midaye ,Working together: BME community engagement with health services in West London ,89885,25/11/2015,Building Stronger Communities,London,Kensington and Chelsea
Covent Garden Dragon Hall Trust ,NEET Youth Digital Inclusion ,88260,25/11/2015,Investing in Children and Young People,London,Camden
CASY - Counselling and Support for Young People ,CASY Self Harm Young People and Family Project ,87924,27/01/2016,Investing in Children and Young People,East Midlands,Newark and Sherwood
MRANG ,Pre and Post Natal Mental Wellbeing Project ,87676,28/09/2016,Improving Health and Wellbeing,North West England,Liverpool
Action East Devon ,The Project - Young People's Mental Health Peer Support ,87033,15/07/2015,Improving Health and Wellbeing,South West England,East Devon
Fight4Change ,Box 4 Success ,86620,28/01/2015,Investing in Children and Young People,London,Lambeth
SMILE Group ,Facilitation and expansion of perinatal mental health peer support ,86230,28/09/2016,Improving Health and Wellbeing,North West England,Cheshire East
Carmarthen Domestic Abuse Services (CDAS) ,"Be better @ budgeting, Three B's project ",85800,15/07/2015,Building Stronger Communities,Wales,Carmarthenshire
Circo Kernow ,TREI   (Cornish for three)   CIRCUS  ALL  FOR ALL COMMUNITY TRAINING PROJECT ,85000,15/07/2015,Investing in Children and Young People,South West England,Cornwall
Trelya ,The Mammik Project ,84816,28/09/2016,Improving Health and Wellbeing,South West England,Cornwall
Orkney Alcohol Counselling and Advisory Service ,Orkney Youth Counselling - Alcohol & Drugs ,84690,16/03/2016,Improving Health and Wellbeing,Scotland,Orkney Islands
The Bond Board Ltd ,Young Persons Progression Coach ,84175,30/09/2015,Investing in Children and Young People,North West England,Rochdale
vinspired ,Loud and Proud Cashpoint programme ,83195,27/06/2017,Building Stronger Communities,London,Westminster
Bluebell Care Trust ,Bluebell Place ,83000,25/11/2015,Improving Health and Wellbeing,South West England,"Bristol, City of"
Crewe YMCA ,"'411' Young Women's Homeless Project"" -	2.4  a couple of hard progressions at the end of the middle ",81000,30/09/2015,Investing in Children and Young People,North West England,Cheshire East
Youthscape ,Alumina in Schools - a new approach to online support for teenagers who self-harm ,80854,25/11/2015,Investing in Children and Young People,East of England,Luton
Dame Kelly Holmes Trust ,Get on Track - For women and girls facing disadvantage ,80806,19/07/2017,Empowering Women and Girls,London,Southwark
Fylde Coast Women's Aid ,WIRED: Ways to Identify Risk of Exploitation and Danger ,80000,15/07/2015,Investing in Children and Young People,North West England,Blackpool
Muscular Dystrophy UK ,People with muscle-wasting conditions lead the way in improving health and social care ,80000,16/03/2016,Improving Health and Wellbeing,London,Southwark
Church Action on Poverty ,Tackling the Poverty Premium ,78983,27/01/2016,Building Stronger Communities,North West England,Manchester
Mary Ward Legal Centre ,Financially Capable Camden ,75033,25/11/2015,Building Stronger Communities,London,Camden
Island House,Can Do Community Led Projects ,75000,30/11/2016,Building Stronger Communities,London,Tower Hamlets
Maslaha ,Muslim Girls Fence ,75000,30/11/2016,Building Stronger Communities,London,Islington
Northern Ireland Youth Forum  ,Fight to Unite ,75000,30/11/2016,Building Stronger Communities,Northern Ireland,Belfast
One North East London ,Abstinence based treatment for addicts ,75000,27/01/2016,Improving Health and Wellbeing,London,Redbridge
Rio Ferdinand Foundation ,5 Star Active ,75000,27/01/2016,Investing in Children and Young People,East Midlands,Nottingham
The King's Fund ,Cascading Leadership ,75000,15/03/2017,Building Stronger Communities,London,Westminster
Innovations in Dementia CIC ,Dementia Diaries ,74868,08/05/2017,Improving Health and Wellbeing,South West England,Exeter
Education Futures Trust ,Mind and Motion ,74861,30/11/2016,Building Stronger Communities,South East England,Hastings
Small Heath Boxing Club Ltd ,Fighting Fit ,74824,19/07/2017,Empowering Women and Girls,West Midlands,Birmingham
Forum for Action on Substance Abuse & Suicide Awareness ,Nightingale Crisis Centre - 24/7 Intensive Support ,74021,18/03/2015,Building Stronger Communities,Northern Ireland,Ards and North Down
Citizens Theatre Ltd. ,"'Women's Own': transforming the lives of vulnerable and at-risk women through drama, music and art. ",72294,15/07/2015,Empowering Women and Girls,Scotland,Glasgow City
Centre 63 ,Active 63-Connected Communities ,71757,30/11/2016,Building Stronger Communities,North West England,Knowsley
South East and Central Essex Mind  ,Youth Matters - Counselling and Support Service ,71573,28/01/2015,Investing in Children and Young People,East of England,Southend-on-Sea
Change Please CIC ,Change Please Wellbeing and Impact Pilot Project ,70422,08/05/2017,Improving Health and Wellbeing,London,Southwark
Kaini Industries ,HullCoin Pilot ,70000,13/05/2016,Building Stronger Communities,Yorkshire and The Humber,"Kingston upon Hull, City of"
National Survivor User Network ,"NSUN, Driving Change ",70000,28/01/2015,Investing in Children and Young People,London,Lambeth
Regional Refugee Forum North East ,Fairer Mental Health & Wellbeing outcomes for North East's Asylum Seekers & Refugees ,68554,16/03/2016,Building Stronger Communities,North East England,Gateshead
Code 7 Ltd ,Another Way ,68362,27/01/2016,Empowering Women and Girls,London,Lambeth
Hackney Music Development Trust ,One Spirit ,66900,28/01/2015,Investing in Children and Young People,London,Enfield
National Ugly Mugs ,SafetyNets app ,66700,15/07/2015,Empowering Women and Girls,North West England,Manchester
Arvon ,Writing the Game ,65648,15/07/2015,Investing in Children and Young People,London,Islington
Rape Crisis Scotland ,COUNTER - Stalking App ,65348,19/07/2017,Empowering Women and Girls,Scotland,Glasgow City
Kaini Industries ,HullCoin - the local community loyalty point. ,64000,15/07/2015,Building Stronger Communities,Yorkshire and The Humber,"Kingston upon Hull, City of"
198 Contemporary Arts and Learning ,The Factory ,63628,27/01/2016,Investing in Children and Young People,London,Lambeth
Barnardo's ,B-Safe ,60000,25/11/2015,Investing in Children and Young People,London,Redbridge
Derby County Community Trust ,Tackling Homelessness in Derby ,60000,25/11/2015,Investing in Children and Young People,East Midlands,Derby
Muslim Women's Council ,Fragile,60000,30/09/2015,Building Stronger Communities,Yorkshire and The Humber,Bradford
St Luke's Community and Regeneration Enterprises ,The Shine Nail Bar Collective (SNBC) ,60000,30/09/2015,Investing in Children and Young People,Yorkshire and The Humber,Leeds
Bath and North East Somerset Carers Centre ,Carers' Voice ,59656,25/11/2015,Building Stronger Communities,South West England,Bath and North East Somerset
PhotoVoice ,Having Our Say Too (HOST) (3) ,58000,28/01/2015,Investing in Children and Young People,London,Lambeth
Centre 63 ,Project Manager for the YES Project ,56952,27/01/2016,Investing in Children and Young People,North West England,Knowsley
The Bike Project ,Refugee Women and Girls Cycling Project ,55908,19/07/2017,Empowering Women and Girls,London,Southwark
Age UK Hammersmith & Fulham ,"""Local and Vocal"", Hammersmith and Fulham Older People's Consultative Forum (HFCF) ",55624,30/09/2015,Building Stronger Communities,London,Hammersmith and Fulham
Elizabeth Finn Care ,Strengthening income maximisation and financial capability support in North East England ,55485,25/11/2015,Building Stronger Communities,London,Hammersmith and Fulham
Caer Las ,ReTreat Project ,53370,06/02/2015,Investing in Children and Young People,Wales,Swansea
WITH ,Overcoming Obstacles ,53000,19/07/2017,Empowering Women and Girls,Wales,Gwynedd
Aanchal Women's Aid ,Nari-Raksha - Women Protected ,52500,19/07/2017,Empowering Women and Girls,London,Redbridge
The Cithrah Foundation ,"""Secure Evidence Diary"" ",52500,19/07/2017,Empowering Women and Girls,Northern Ireland,Mid and East Antrim
The Haven Wolverhampton ,Take the power back ,52251,19/07/2017,Empowering Women and Girls,West Midlands,Wolverhampton
The Centre for Innovation in Voluntary Action ,Soul Medicine ,52220,19/07/2017,Empowering Women and Girls,London,Camden
Yorkshire Sport Foundation ,Sport England - Place Based Initiative ,52000,16/03/2016,Building Stronger Communities,Yorkshire and The Humber,Leeds
Chinese Information & Advice Centre  ,"SWAN Project - Safer sexWork Access Network, safety for Sex-Workers + healthcare & human rights info ",51500,19/07/2017,Empowering Women and Girls,London,Westminster
The Arthur Rank Centre ,Extending Access to and use of Credit Unions in Rural Areas ,51050,27/05/2015,Building Stronger Communities,West Midlands,Warwick
Buttle UK ,Small grants programme ,51000,16/03/2016,Investing in Children and Young People,London,Westminster
Have Your Tomorrows ,Healing the Hurt,50867,25/11/2015,Investing in Children and Young People,Northern Ireland,Derry City and Strabane
Hestia Housing & Support ,Access to support via mobile tech: domestic violence ,50720,19/07/2017,Empowering Women and Girls,London,Hounslow
YouthNet ,Helping young women recognise abuse ,50575,19/07/2017,Empowering Women and Girls,London,Westminster
SafeLives ,Addressing E-vulnerability - a Toolkit & Support Package for Practitioners ,50500,19/07/2017,Empowering Women and Girls,South West England,"Bristol, City of"
Positive East ,Re:Assure Women's Project: Domestic Violence Support Initiative ,50304,28/01/2015,Building Stronger Communities,London,Tower Hamlets
Centre for Mental Health ,Up My Street: building mental health resilience of young African-Caribbean men. ,50282,15/07/2015,Investing in Children and Young People,London,Southwark
Bristol Braille Technology ,Canute: reversing the decline in Braille literacy ,50000,15/03/2017,Improving Health and Wellbeing,South West England,"Bristol, City of"
British Refugee Council ,Refugee Crisis Grant ,50000,30/09/2015,Investing in Children and Young People,London,Newham
Citizens UK ,Safe Passage ,50000,05/08/2016,Investing in Children and Young People,London,Tower Hamlets
Family Action in Rogerfield and Easterhouse ,BA Flying Start initiative 2016 ,50000,13/07/2016,Building Stronger Communities,Scotland,Glasgow City
Global Dialogue ,Thomas Paine Initiative ,50000,16/03/2016,Building Stronger Communities,London,Lambeth
LEAP Sports Scotland ,"Programmes for young LGBT people in Scotland aged 16-21 years, using sport to develop life skills to improve confidence and build resilience",50000,18/03/2015,Investing in Children and Young People,Scotland,Glasgow City
Prism the Gift Fund ,Help Refugees to support Unaccompanied Minors in Calais ,50000,28/09/2016,Building Stronger Communities,London,Westminster
Refugee Action ,Asylum Crisis Project ,50000,30/09/2015,Improving Health and Wellbeing,London,Westminster
Scottish Refugee Council ,Emergency support - Syria refugee crisis ,50000,30/09/2015,Building Stronger Communities,Scotland,Glasgow City
Stable Life ,Stable life - supporting vulnerable young people to discover life skills through the horse and its environment,50000,18/03/2015,Investing in Children and Young People,Scotland,Scottish Borders
UK Community Foundations ,British Airways Support for flood victims and rebuilding ,50000,13/05/2016,Building Stronger Communities,London,Islington
Venture Trust ,Inspiring Young Futures (IYF) programme,50000,18/03/2015,Investing in Children and Young People,Scotland,City of Edinburgh
Women's Aid Federation Northern Ireland ,Financial Support for Women's Aid Federation NI ,50000,25/01/2017,Empowering Women and Girls,Northern Ireland,Belfast
Women's Aid Federation of England ,Digital support for young survivors of domestic abuse ,50000,15/03/2017,Improving Health and Wellbeing,South West England,"Bristol, City of"
Youth Scotland  ,"Youth Active- Activate, Educate and Enhance ",50000,18/03/2015,Investing in Children and Young People,Scotland,City of Edinburgh
Alexandra Rose Charity ,Rose Vouchers for Fruit & Veg - Tech to Scale ,49997,15/03/2017,Building Stronger Communities,South East England,Waverley
DisruptDisability ,Disrupt Disability ,49965,15/03/2017,Improving Health and Wellbeing,London,Tower Hamlets
PEEK - Possibilities for Each and Every Kid ,Active Play Champions ,49965,18/03/2015,Investing in Children and Young People,Scotland,Glasgow City
The Well Social Club ,Warrior Down app ,49955,15/03/2017,Improving Health and Wellbeing,North West England,Lancaster
Depaul UK ,The Nightstop App ,49850,15/03/2017,Investing in Children and Young People,London,Southwark
Children's Parliament ,Gamechangers: Girls Get Active ,49597,18/03/2015,Empowering Women and Girls,Scotland,City of Edinburgh
Investing in Children CIC ,Young people as community builders ,49510,13/07/2016,Investing in Children and Young People,North East England,County Durham
Chapter 1 ,SUPORT to break the cycle of homelessness ,49230,13/07/2016,Investing in Children and Young People,London,Lambeth
SignHealth ,BSL Healthy Minds Online Therapy ,49150,15/03/2017,Improving Health and Wellbeing,South East England,South Bucks
Glasgow Bike Station ,Bike Station Academy,49100,18/03/2015,Empowering Women and Girls,Scotland,Glasgow City
Ambitious about Autism ,Youth Patrons ,48482,28/01/2015,Investing in Children and Young People,London,Haringey
Involve Active Limited ,Jigsaw Project ,47698,28/01/2015,Investing in Children and Young People,East of England,Waveney
ECPAT UK ,Animated Film - Trafficked Children in the UK Cannabis Trade ,47500,27/01/2016,Investing in Children and Young People,London,Islington
Action on Postpartum Psychosis ,Maternal Mental Health Alliance  - additional capacity ,47193,18/03/2015,Improving Health and Wellbeing,West Midlands,Birmingham
Motherwell Football Club Community Trust ,Sporting Chance ,47000,18/03/2015,Investing in Children and Young People,Scotland,North Lanarkshire
Shelter Scotland ,I Need Help Button ,46900,15/03/2017,Improving Health and Wellbeing,Scotland,City of Edinburgh
International Centre for the Study of Sexually Exploited and Trafficked Young People University of Bedfordshire ,Hub and Spoke Evaluation ,45000,15/07/2015,Investing in Children and Young People,East of England,Luton
HARV Outreach Team ,Transition Support ,44878,15/03/2017,Empowering Women and Girls,North West England,Hyndburn
The Point People ,Tech for Good training and support events ,44850,15/07/2015,Building Stronger Communities,London,Westminster
Scottish Sports Futures ,Girls Judo ,43900,18/03/2015,Investing in Children and Young People,Scotland,Glasgow City
SEAP ,Assessment Assistant - Beta Support ,43500,15/07/2015,Building Stronger Communities,South East England,Hastings
Refuge ,Refuge: using tech to tackle tech abuse ,43400,19/07/2017,Empowering Women and Girls,London,Tower Hamlets
Nouveau Wellbeing CIC ,Middlesborough Steps to Wellbeing ,43060,25/01/2017,Building Stronger Communities,North East England,County Durham
CAST ,CAST (Centre for Acceleration of Social Tech) - support for Tech for Good projects ,42500,25/01/2017,Building Stronger Communities,South West England,Stroud
The Scottish Professional Football League Trust ,Music Box Cares ,42269,18/03/2015,Investing in Children and Young People,Scotland,Falkirk
Oxfam GB ,QuidsIn ,41010,15/03/2017,Building Stronger Communities,South East England,Oxford
Bread Youth Project ,Bread Youth Project - Investing in Youth ,40000,30/11/2016,Investing in Children and Young People,South West England,"Bristol, City of"
Break The Silence ,Break The Silence - Evolve ,40000,30/11/2016,Improving Health and Wellbeing,Scotland,East Ayrshire
Cambridge Women's Resources Centre  ,Moving On: Sustaining & strengthening support for women in Cambridgeshire ,40000,30/11/2016,Empowering Women and Girls,East of England,Cambridge
Centre for Health and Wellbeing ,Enabling a sustainable future ,40000,30/11/2016,Building Stronger Communities,Northern Ireland,Belfast
Choir With No Name ,The Choir With No Name (Birmingham) ,40000,30/11/2016,Building Stronger Communities,London,Southwark
Colin Community Counselling ,Women's Counselling Project ,40000,30/11/2016,Improving Health and Wellbeing,Northern Ireland,Belfast
Cyrenians Edinburgh ,Homeless Navigator Pilot ,40000,30/11/2016,Building Stronger Communities,Scotland,City of Edinburgh
Depaul UK ,British Airways voting initiative 2017 - Depaul UK ,40000,19/07/2017,Investing in Children and Young People,London,Southwark
Derbyshire LGBT+ ,Derbyshire LGBT+ Invest ,40000,30/11/2016,Building Stronger Communities,East Midlands,Derby
Edberts House ,Core salary costs ,40000,30/11/2016,Building Stronger Communities,North East England,Gateshead
Getaway Girls ,Getaway Girls Empowering girls and young women in Leeds ,40000,30/11/2016,Empowering Women and Girls,Yorkshire and The Humber,Leeds
Home-Start Colchester ,"Home-Start Colchester, Extending Opportunties ",40000,30/11/2016,Investing in Children and Young People,East of England,Colchester
Home-Start Down District ,Core support to families in Down district,40000,30/11/2016,Improving Health and Wellbeing,Northern Ireland,"Newry, Mourne and Down"
Julian House ,Exeter Bike Workshop Employment & Skills Hub ,40000,30/11/2016,Building Stronger Communities,South West England,Bath and North East Somerset
Mid Wales Rape Support Centre ,Support for Victims of Sexual Violence in Mid Wales ,40000,30/11/2016,Empowering Women and Girls,Wales,Ceredigion
New Heights - Warren Farm Community Project ,Strengthen New Heights as a Sustainable Community Resource ,40000,30/11/2016,Building Stronger Communities,West Midlands,Birmingham
North London Cares / South London Cares ,The Cares Family: shoring up the centre ,40000,30/11/2016,Building Stronger Communities,London,Camden
Oasis Cardiff ,Warm Welsh Welcome ,40000,30/11/2016,Building Stronger Communities,Wales,Cardiff
Plymouth & Devon Racial Equality Council ,Strengthening PDREC ,40000,30/11/2016,Building Stronger Communities,South East England,Plymouth
Providence Row ,Scaling up Providence Row Enterprise and Training ,40000,30/11/2016,Building Stronger Communities,London,Tower Hamlets
Refugee and Migrant Centre ,Refugee and Migrant Centre Wolverhampton and the black Country. ,40000,30/11/2016,Building Stronger Communities,West Midlands,Wolverhampton
Rosmini Centre Wisbech ,Communities Together ,40000,30/11/2016,Building Stronger Communities,East of England,Fenland
Salford Lads Club ,Brightening Young Lives 2016 ,40000,30/11/2016,Investing in Children and Young People,North West England,Salford
SE1 United Ltd ,Back on Track ,40000,30/11/2016,Investing in Children and Young People,London,Lambeth
Sikh Sanjog ,Sikh Sanjog ,40000,30/11/2016,Empowering Women and Girls,Scotland,City of Edinburgh
Skipton Extended Learning for All  ,SELFA Core Costs ,40000,30/11/2016,Investing in Children and Young People,Yorkshire and The Humber,Craven
Sparkle Appeal ,Sparkle: Performance & Quality ,40000,30/11/2016,Improving Health and Wellbeing,Wales,Newport
St Martin's Centre Partnership ,St Martin's Centre Core Costs ,40000,30/11/2016,Building Stronger Communities,North East England,Newcastle upon Tyne
Synergy Theatre Project ,Synergy Theatre Project ,40000,30/11/2016,Investing in Children and Young People,London,Southwark
Thames Reach Housing Association Limited ,"IAG (Information, Advice and Guidance) service ",40000,30/11/2016,Building Stronger Communities,London,Southwark
The Green House Bristol ,Evidencing our impact and securing a sustainable future ,40000,30/11/2016,Improving Health and Wellbeing,South West England,"Bristol, City of"
The Harbour ,The Harbour & Comic Relief - support for vulnerable people facing life-threatening illness ,40000,30/11/2016,Improving Health and Wellbeing,South West England,"Bristol, City of"
The House of St Barnabas ,The House of St Barnabas Employment Academy ,40000,30/11/2016,Building Stronger Communities,London,Westminster
The Proud Trust (Formerly known as LGBT Youth North West.) ,"LGBT Youth - Safer, Stronger and Empowered",40000,30/11/2016,Investing in Children and Young People,North West England,Manchester
The Rainbow Centre ,Improving the Health and Wellbeing of our Rural Elderly Community ,40000,30/11/2016,Improving Health and Wellbeing,Wales,Wrexham
The Rape & Sexual Abuse Counselling Centre (Darlington & County Durham) ,Sustain Sexual Violence services for Women and Girl in County Durham ,40000,30/11/2016,Improving Health and Wellbeing,North East England,Darlington
The Wallich ,WISE Project ,40000,30/11/2016,Building Stronger Communities,Wales,Cardiff
The Welcome Organisation ,Home Gems ,40000,30/11/2016,Building Stronger Communities,Northern Ireland,Belfast
Trust Links ,Trust Links core strength and capacity building ,40000,30/11/2016,Building Stronger Communities,East of England,Southend-on-Sea
Whiterock Children's Centre ,Whiterock Children's Centre Strategic Development ,40000,30/11/2016,Building Stronger Communities,Northern Ireland,Belfast
Wyre Forest Nightstop & Mediation Scheme ,Sustaining Nightstop: Supporting Disadvantaged Young People to move forward ,40000,30/11/2016,Investing in Children and Young People,West Midlands,Wyre Forest
Reeltime Music ,Reeltime Music (Core Strength) ,39992,30/11/2016,Investing in Children and Young People,Scotland,North Lanarkshire
Support Arts Gardening Education ,Putting down longterm roots ,39987,30/11/2016,Improving Health and Wellbeing,Yorkshire and The Humber,Sheffield
Hikmat Devon CIC ,Sustainable Funding Transition Project ,39972,30/11/2016,Building Stronger Communities,South West England,Exeter
Northumberland Domestic Abuse Services ,Core Funding Application ,39968,30/11/2016,Empowering Women and Girls,North East England,Northumberland
Cothrom Ltd ,Cothrom Ltd - Towards our digital Future ,39966,30/11/2016,Building Stronger Communities,Scotland,Na h-Eileanan Siar
Gloucestershire Rape and Sexual Abuse Centre ,Gloucestershire Rape and Sexual Abuse Centre: Income Generation Plan ,39951,30/11/2016,Empowering Women and Girls,South West England,Tewkesbury
Stepping Stones Luton ,Core Strength ,39915,30/11/2016,Empowering Women and Girls,East of England,Luton
The Junction ,The Junction-Nested Provision Model ,39890,30/11/2016,Investing in Children and Young People,Scotland,City of Edinburgh
Carmarthen Youth Project - Dr. M'z ,Carmarthen Youth Project - Futures ,39884,30/11/2016,Investing in Children and Young People,Wales,Carmarthenshire
Islington Centre for Refugees and Migrants ,Islington Centre for Refugees and Migrants - strengthening our core ,39880,30/11/2016,Building Stronger Communities,London,Islington
New Dawn New Day Ltd ,Building Resilience ,39873,30/11/2016,Empowering Women and Girls,East Midlands,Leicester
It's Your Choice ,Funding the Future ,39848,30/11/2016,Investing in Children and Young People,South East England,New Forest
Kennington Association ,Lollard Street Youth and Community Hub ,39809,30/11/2016,Investing in Children and Young People,London,Lambeth
Women's Work (Derbyshire) Ltd ,Core Strength ,39768,30/11/2016,Empowering Women and Girls,East Midlands,Derby
Crossroads Derbyshire ,Capacity building grant to strengthen domestic abuse charity ,39762,30/11/2016,Empowering Women and Girls,East Midlands,High Peak
Cambridgeshire Deaf Association ,Increasing the sustainability of the Cambridgeshire Deaf Association ,39757,30/11/2016,Improving Health and Wellbeing,East of England,Cambridge
brap ,Equality is not a dirty word ,39746,30/11/2016,Building Stronger Communities,West Midlands,Birmingham
WESC Foundation ,Eyelander Online: Gamified training for children and young people with vision impairment ,39700,15/03/2017,Improving Health and Wellbeing,South West England,Exeter
Carers Outreach Service ,Volunteer Co-ordinator ,39690,30/11/2016,Improving Health and Wellbeing,Wales,Gwynedd
Bierley Community Association Ltd ,"The Life Centre, Bierley ",39666,30/11/2016,Building Stronger Communities,Yorkshire and The Humber,Bradford
4us2 ,A Stronger Future ,39660,30/11/2016,Investing in Children and Young People,South East England,Thanet
Imara CIC ,Early Intervention service for children and teenagers after disclosure of child sexual abuse ,39632,30/11/2016,Investing in Children and Young People,East Midlands,Rushcliffe
Mayfield Nurseries ,Helping Mayfield Nurseries to blossom ,39620,30/11/2016,Improving Health and Wellbeing,South East England,Southampton
Montgomeryshire Family Crisis Centre ,Montgomeryshire Family Crisis Centre Core Costs ,39585,30/11/2016,Empowering Women and Girls,Wales,Powys
Beyond Skin  ,Youth4Peace ,39500,30/11/2016,Investing in Children and Young People,Northern Ireland,Belfast
Island Community Action ,Island Community Action: Fighting Fit ,39490,30/11/2016,Building Stronger Communities,South West England,Weymouth and Portland
JUST Lincolnshire ,A just and fair Lincolnshire - the journey continues ,39453,30/11/2016,Building Stronger Communities,East Midlands,Lincoln
Home-Start Dover District ,Home-Start Dover District ,39441,30/11/2016,Investing in Children and Young People,South East England,Dover
Hope Community Project (Wolverhampton) ,Hope4U ,39272,30/11/2016,Building Stronger Communities,West Midlands,Wolverhampton
Genie in the Gutter Ltd ,Recovery Rises ,39209,30/11/2016,Improving Health and Wellbeing,North West England,Liverpool
The Foxton Centre ,Building a sustainable future ,39195,30/11/2016,Building Stronger Communities,North West England,Preston
Young Asian Voices ,Creating New Skills and New Futures ,39160,30/11/2016,Investing in Children and Young People,North East England,Sunderland
Community in Partnership Knowle West ,Your Community Centre in the Heart of Your Community ,39123,30/11/2016,Building Stronger Communities,South West England,"Bristol, City of"
CASBA ,Strengthening Foundations / Transforming Lives ,38891,30/11/2016,Improving Health and Wellbeing,West Midlands,Birmingham
Women's Environmental Network (WEN) ,Building WEN's core strength ,38840,30/11/2016,Improving Health and Wellbeing,London,Tower Hamlets
Keighley Healthy Living Network ,Strengthening Infrastructure and Capacity ,38791,30/11/2016,Improving Health and Wellbeing,Yorkshire and The Humber,Bradford
East Durham Trust ,Core Strength ,38746,30/11/2016,Building Stronger Communities,North East England,County Durham
Pembrokeshire People First ,Cynnal ,38704,30/11/2016,Building Stronger Communities,Wales,Pembrokeshire
Pilton Community Health Project ,PCHP Core CR ,38704,30/11/2016,Building Stronger Communities,Scotland,City of Edinburgh
The High Street Centre Ltd ,Rawmarsh at heart ,38302,30/11/2016,Building Stronger Communities,Yorkshire and The Humber,Rotherham
Oblong Ltd ,Invest to Sustain ,38185,30/11/2016,Building Stronger Communities,Yorkshire and The Humber,Leeds
Seaview ,Supporting Homelessness in Hastings and St Leonards on Sea ,38000,30/11/2016,Improving Health and Wellbeing,South East England,Hastings
EVA Women's Aid Ltd ,EVA' Women's Aid - Core Strength ,37950,30/11/2016,Improving Health and Wellbeing,North East England,Redcar and Cleveland
CAN ,"I Can, You Can, WE CAN! ",37705,30/11/2016,Building Stronger Communities,Northern Ireland,Causeway Coast and Glens
Caxton Youth Organisation ,Caxton Youth Organisation ,37654,30/11/2016,Investing in Children and Young People,London,Westminster
Newport Credit Union ltd ,Building Newport Credit Union ,37597,30/11/2016,Building Stronger Communities,Wales,Newport
Community recording studios ,Mission Studio ,37520,30/11/2016,Investing in Children and Young People,East Midlands,Nottingham
Women's Health Information and Support Centre ,Working for Women's Health ,37492,30/11/2016,Empowering Women and Girls,North West England,Liverpool
Fife Rape and Sexual Assault Centre ,Volunteer Co-ordinator ,37440,30/11/2016,Empowering Women and Girls,Scotland,Fife
M3 Project ,Building Toward the Future ,37319,30/11/2016,Investing in Children and Young People,North West England,Rossendale
Arts Factory Ltd ,Trerhondda the Future ,36942,30/11/2016,Building Stronger Communities,Wales,Rhondda Cynon Taf
pennine lancashire community farm ,pennine lancashire community farm ,36924,30/11/2016,Building Stronger Communities,North West England,Burnley
The Birchall Trust ,Survivors Support Programme ,36570,30/11/2016,Improving Health and Wellbeing,North West England,Barrow-in-Furness
Greater Shankill Partnership Property Development ,Shankill Unlimited ,36558,30/11/2016,Building Stronger Communities,Northern Ireland,Belfast
Debate Mate ,School Debating Activities ,36446,21/02/2017,Investing in Children and Young People,London,Southwark
Fraserburgh Development Trust Ltd ,Build Fraserburgh - Fraserburgh Development Trust ,36400,30/11/2016,Building Stronger Communities,Scotland,Aberdeenshire
Shire Community Services ,Preparing for the Future ,36048,30/11/2016,Improving Health and Wellbeing,East Midlands,Wellingborough
Inclusion Ventures ,Strengthening  Inclusion ,36000,30/11/2016,Investing in Children and Young People,East of England,Tendring
Women Acting In Today's Society (WAITS) ,WAITS Services ,36000,30/11/2016,Empowering Women and Girls,West Midlands,Birmingham
East Surrey Domestic Abuse Services ,Strengthening us for the Future ,35858,30/11/2016,Empowering Women and Girls,South East England,Reigate and Banstead
Age UK Islington ,Predicting for Winter: identifying vulnerable older people in our community ,35812,15/07/2015,Improving Health and Wellbeing,London,Islington
RLSB ,WAYFINDR ,35371,15/07/2015,Building Stronger Communities,London,Westminster
Well Women Centre ,Tipping Point ,35328,30/11/2016,Empowering Women and Girls,Yorkshire and The Humber,Wakefield
Independent Arts ,Build From Strength ,34966,30/11/2016,Improving Health and Wellbeing,South East England,Isle of Wight
Ebony Horse Club ,Project 21 ,34580,30/11/2016,Investing in Children and Young People,London,Lambeth
The Dracaena Centre ,Skoodhyans ,34164,30/11/2016,Building Stronger Communities,South West England,Cornwall
Relate ,Separating Fairly: groundbreaking online dispute resolution service for separating families ,34150,15/07/2015,Building Stronger Communities,Yorkshire and The Humber,Doncaster
Scotswood Natural Community Garden ,Strengthening Scotswood Natural Community Garden ,33519,30/11/2016,Building Stronger Communities,North East England,Newcastle upon Tyne
The GalGael Trust ,Strategic and Capacity Developments ,32481,30/11/2016,Building Stronger Communities,Scotland,Glasgow City
Nottingham Central Women's Aid ,Nottingham Central Women's Aid -Stronger Women ,31274,30/11/2016,Empowering Women and Girls,East Midlands,Nottingham
Sandwell African Caribbean Mental Health Foundation ,Nia Development Project ,31274,30/11/2016,Improving Health and Wellbeing,West Midlands,Sandwell
Dundee International Women's Centre ,Fit for Life' ,31246,18/03/2015,Empowering Women and Girls,Scotland,Dundee City
Kiveton Park Independent Advice Centre ,Vulnerable Client Inclusion Project: 2015/17 Financial Years ,31215,15/07/2015,Building Stronger Communities,Yorkshire and The Humber,Rotherham
Reading Community Learning Centre ,Survival and building long term sustainability ,31000,30/11/2016,Empowering Women and Girls,South East England,Reading
British Institute of Learning Disabilities ,"Unprotected, Overprotected' CSE and Learning Disability Training Programme ",30812,16/03/2016,Investing in Children and Young People,West Midlands,Birmingham
Netherton Park Community Association ,Engaging change ,30700,30/11/2016,Building Stronger Communities,North West England,Sefton
Marsha Phoenix Memorial Trust ,Marsha Phoenix Memorial Trust ,30406,30/11/2016,Empowering Women and Girls,London,Lewisham
First Steps Women's Centre ,Women Matter ,30000,30/11/2016,Empowering Women and Girls,Northern Ireland,Mid Ulster
Goodwin Development Trust  ,FareShare Hull and Humber ,30000,28/01/2015,Building Stronger Communities,Yorkshire and The Humber,"Kingston upon Hull, City of"
Ipswich and Suffolk Council for Racial Equality ,Empowering Suffolk's Minority Ethnic Communities ,30000,30/11/2016,Building Stronger Communities,East of England,Ipswich
The Moira Anderson Foundation ,British Airways voting initiative 2017 - The Moira Anderson Foundation ,30000,19/07/2017,Investing in Children and Young People,Scotland,North Lanarkshire
Somali Education & Cultural Support ,SECP's Financial Awareness Support for BAME Families and Aspiring Entrepreneurs ,28581,28/01/2015,Building Stronger Communities,London,Tower Hamlets
Kinship Care NI ,Kinship Care Support Service ,28074,30/11/2016,Investing in Children and Young People,Northern Ireland,Derry City and Strabane
Links Park Community Trust ,Links Park Community Trust 'Play-Makers' Project ,26630,18/03/2015,Investing in Children and Young People,Scotland,Angus
D2 Youth Zone ,BA Flying Start initiative 2016 ,25000,13/07/2016,Building Stronger Communities,North East England,Newcastle upon Tyne
St Cuthberts Care ,Alan Shearer Foundation to support the work of St Cuthberts ,25000,13/05/2016,Building Stronger Communities,North East England,Newcastle upon Tyne
Standing Together Against Domestic Violence ,Domestic Homicide Reviews - Lessons Learnt; Turning Words into Action ,25000,27/05/2015,Empowering Women and Girls,London,Hammersmith and Fulham
Tonic ,Supporting older LGBT people to define their housing & care support needs ,21900,18/03/2015,Building Stronger Communities,London,Southwark
The Cara Trust ,The Cara Trust ,21268,30/11/2016,Improving Health and Wellbeing,London,Kensington and Chelsea
Action on Postpartum Psychosis ,Establishing a quality mark framework ,21000,15/03/2017,Improving Health and Wellbeing,West Midlands,Birmingham
StreetGames ,Pilot grant application capacity building project ,20100,18/03/2015,Investing in Children and Young People,North West England,Salford
Ace Of Clubs ,Ace of Clubs ,20000,30/11/2016,Building Stronger Communities,London,Lambeth
Body and Soul ,British Airways voting initiative 2017 - Body and Soul ,20000,19/07/2017,Investing in Children and Young People,London,Islington
Centrepoint Soho ,"Upgrade Your World: Youth Homelessness UpData - future-proofing youth homelessness data, display and analysis ",20000,27/01/2016,Investing in Children and Young People,London,Tower Hamlets
Relatives & Residents Association ,Care Home Challenge Fund ,20000,27/05/2015,Improving Health and Wellbeing,London,Islington
SafeLives ,UpgradeYourWorld: Domestic Abuse(DA) Practitioners' Platform & Register ,20000,27/01/2016,Empowering Women and Girls,South West England,"Bristol, City of"
The 999 Club ,Building a Better Future ,20000,30/11/2016,Building Stronger Communities,London,Lewisham
The Brendoncare Foundation ,Ladder to the Moon: creating a vibrant and caring community for our  care home staff and residents ,20000,27/05/2015,Improving Health and Wellbeing,South East England,Winchester
The Tennis Foundation ,Serves - Transforming lives through tennis ,20000,15/03/2017,Investing in Children and Young People,London,Wandsworth
Thrive ,Gardening Together ,20000,27/05/2015,Improving Health and Wellbeing,South East England,West Berkshire
The Reader Organisation ,Shared Reading groups in Barnet Care Settings ,19995,27/05/2015,Improving Health and Wellbeing,North West England,Liverpool
Anchor ,Developing an LGBTI inclusive environment for older people living in care homes ,19881,27/05/2015,Improving Health and Wellbeing,London,Westminster
Vista ,The Gift of Time ,19527,27/04/2015,Improving Health and Wellbeing,East Midlands,Leicester
Action For Elders Trust ,Improving the Quality of Life of Older People in Care Homes ,18990,27/05/2015,Improving Health and Wellbeing,East of England,South Cambridgeshire
NAPA ,Care Home Choir Buddies Connecting with Communities ,18634,27/05/2015,Improving Health and Wellbeing,South East England,Chiltern
Advocacy in Barnet ,Creating connections and meaning between care staff and residents for closer relationships ,16595,27/05/2015,Improving Health and Wellbeing,London,Barnet
Factory Youth Zone ,BA Flying Start initiative 2016 ,15000,13/07/2016,Building Stronger Communities,North West England,Manchester
The Orders of St John Care Trust ,Voting Matters - Encouraging democratic participation of older people in care homes ,15000,28/01/2015,Building Stronger Communities,South East England,West Oxfordshire
Age UK Wirral ,My Life Counts ,11909,27/05/2015,Improving Health and Wellbeing,North West England,Wirral
The Princess Royal Trust for Carers ,Raising awareness of the Carers Trust's work ,10962,18/03/2015,Investing in Children and Young People,London,Southwark
3 Pillars Project ,3 Pillars Project Rugby Academy ,10000,19/07/2017,Investing in Children and Young People,London,Islington
Street League ,British Airways voting initiative 2017 - Street League ,10000,19/07/2017,Investing in Children and Young People,London,Southwark
The Metro Centre Ltd ,BA Flying Start initiative 2016 ,10000,13/07/2016,Building Stronger Communities,London,Greenwich
The Sporting Memories Foundation ,Rugby Memories: Generations in union ,9980,19/07/2017,Building Stronger Communities,Yorkshire and The Humber,Hambleton
Roots Project CIC ,Bridlington Futures ,9957,19/07/2017,Investing in Children and Young People,Yorkshire and The Humber,East Riding of Yorkshire
Moseley Rugby Community Foundation ,Turnover: Employability skills project ,9920,19/07/2017,Investing in Children and Young People,West Midlands,Birmingham
Derby Rugby Football Club ,A Rugby Sporting Future for Derby ,9875,19/07/2017,Investing in Children and Young People,East Midlands,Derby
White Gold Cornwall ,Rugbi Sewena ,9850,19/07/2017,Investing in Children and Young People,South West England,Cornwall
Centre Spot C.I.C ,Healthy Futures ,8900,19/07/2017,Building Stronger Communities,West Midlands,Sandwell
Wales Co-operative Centre ,Financial Inclusion and Vulnerable People: The Universal Credit (UC) Simulator ,8500,25/11/2015,Building Stronger Communities,Wales,Caerphilly
Plymouth Sports Charity ,Saltash HASH TAG ,7600,19/07/2017,Improving Health and Wellbeing,South West England,Cornwall
Northumbria Sport Foundation ,Try for Change: Breaking Lines ,6700,19/07/2017,Building Stronger Communities,North East England,Newcastle upon Tyne
Toynbee Hall ,Financial Inclusion and Vulnerable People: SnapSpend Budgeting and Saving App ,6500,25/11/2015,Building Stronger Communities,London,Tower Hamlets
Manchester Village Spartans RUFC ,Manchester Village Spartans Rugby Project ,6000,19/07/2017,Building Stronger Communities,North West England,Trafford
Age UK Barnsley ,All Sorts group ,5000,13/05/2016,Improving Health and Wellbeing,Yorkshire and The Humber,Barnsley
Changes UK ,Abstinence-Based Recovery: Abridge - essential information for relatives and friends of recovering addicts ,5000,27/01/2016,Improving Health and Wellbeing,West Midlands,Birmingham
Glasgow Recovery Organisation CIC ,Abstinence-Based Recovery: My Recovery ,5000,27/01/2016,Improving Health and Wellbeing,Scotland,Glasgow City
in2recovery CIC ,Abstinence-Based Recovery: My Recovery Journey ,5000,27/01/2016,Improving Health and Wellbeing,North West England,Tameside
Liverpool Tritons RUFC Ltd ,Liverpool Tritons RUFC: Inclusive Rugby Club ,5000,19/07/2017,Building Stronger Communities,North West England,Knowsley
Making Music Changing Lives ,Making Music Changing Lives ,5000,14/01/2015,Investing in Children and Young People,Wales,Cardiff
The Nelson Trust ,Abstinence-Based Recovery: Get me 2 Recovery ,5000,27/01/2016,Improving Health and Wellbeing,South West England,Stroud
The Well Social Club ,Abstinence-Based Recovery: Warrior Down App ,5000,27/01/2016,Improving Health and Wellbeing,North West England,Lancaster
